Address,TokenTracker,Website
 0x3b5070cfc75a546cba5fe8a29f1f3032cd6e0e33,FEG (NITRO),
 0x4fc4633c7ea16949ba93c8d7bc58eb4092d6e996,Crock Finance (CRO),
 0x4e9ce0d15f432a6fdef2e8366edf0b2dec0d0964,SUPR.FINANCE (SUPR),
 0x37cb7b64f8e398fc9b6f7ac2dbcec77a25b385be,Melanin Coin (MELA),
 0xC49fCe8A4211e58F1C891534ae5Db29bea4f1a3a,Arsenic (As),
 0xfdfb685346b4b5551c897688a41484c9259953a1,SUPR.FINANCE (SUPR),
 0xbceefd1102c05d4d5dfc242d26e170caf530fc59,PUMPED.FINANCE (PUMPS),
 0xf2511b5e4fb0e5e2d123004b672ba14850478c14,Nerve 3pool LP (3NRV-LP),
 0x25c8a6d651f62accb9c31793633328b24c9da5ea,unifyre.io (UNI),
 0x5542e519dd92bd95a4294fbfaf33787eddfa49f4,Coda Finance (CODA),
 0x60DE5F9386b637Fe97aF1CC05F25548E9BAAee19,DeepLock (DEEP),
 0x200532c7aecc46a940d0643b7fe826f1de765842,t.me/cops_finance (COPS),
 0x39c6bc7434dbf1a4fd927e0350905a47ca0fa0d3,Deep Finance (DEEP),
 0xd9a565a4f0ba508f468602785ad557b4943265f5,PETALITE.FINANCE (PET),
 0x6d0e1A696C927B8d403144F6bBe3080637488ae7,HonorBar Token (HONOR),
 0xC36649fF473e0a558eC50b0F8ce650940B9BA701,KnightSwap Token (KNIGHT),
 0x702f22C4397c000Aa828F52a0e70B087A6Fe5DD1,Bull Finance (BULL),http://Bullswap.net
 0x636015E62b9dE78D164a48454BaD727Ea3640a60,Offy Delivered LTD (OFFY),
 0xab17fc14a1804b34fd67b67efcc986d425e94e02,NowLiquidity (NLQ),
 0x2ada862d803b8b734b937843f8f76609310f3da7,Gobi Coin (GBC),
 0x0ae95d1645bcd6a85d61ffdb26eaff8c7462d6b7,Meow Token (Meow),http://Meowswap.org
 0x61e09eC57A5fcA440b9F6F024De668dafaA3ffa7,SIGN.NET (SIGN),
 0x178a5bfcbb80db82f54aeba1c7061828ee7046e4,Buffalo Finance (BUFF),http://Buffalo.finance
 0xbdb1c880904b39a009da0c7a12dc9d029c1f1c60,copsfinance.com (COPS),
 0x59834173cf65bac6b3a44079c11e7b613b5c09b6,utile-network.com (UTL),
 0x0e55a51ca10553fd4ae039b26c356bec4dac1a82,Boson Finance (BOS),
 0x832a348bd1e17033a3d1e7a6b9f8d8523f36e2fc,lightningprotocol.finance (LIGHT),
 0x649952bad016b71eb445157239d69590f062bc5f,TESLAFARM.FINANCE (iTesla),
 0xd75ac6c7b745b90f489ab90b13f90b3245e2dc2c,FEDERALDEFIRESERVE (FDR),
 0xc5e938eF604f0c4A816608f1E338556C53F254F7,Gratitude (GRTD),
 0x7704b2eac0c5B6cFb5577C4aEF3Be3ce136364ff,testvault3 (testvault3),
 0x05b4977c30014e2f4086e2d58ea6fff409f62073,BITCOIN (BTCGOLD),
 0x6a0be09db6e9626789cf3f01361e985bc011daa6,KetchupSwap Finance Token (KETCHUP),
 0x2cbE4bB54d64B6F07F2466304461ee83Ff57c318,Tropico Finance TRPC (TRPC),
 0xab69f6400be8b30eddeaf3e4e85052e72cd1ec3d,PhoenixBurning (PBX),
 0x9f7eed6c55a81340b19ce359ac5418302df872da,UNOCARD (UNOCARD),
 0x4504cfd2f7b3a31e6cdad3d621f81c29f29f52a1,DEFIX.ASIA (DEF),
 0x40b1eeaa8a675942941286732ca258fa79c72ee2,Grizzly by bears.finance (GBEAR),
 0x010bad2b8de098a1649d5cc04810490aaeb7d20c,BSC FINANCE (BSCv2),
 0x30938fd95ee9ec20e1c0344520e098ec6c3991d6,Jojo Token (JOJO),
 0xaca834b097ace27c9ef5d89319e192e9f281bd4d,Auto Farming (ATFM),
 0xe02a785dd20aabd3a1bfeee7ab5ea53212f5b6b5,Ojancok (JNCK),
 0x773727aac0997de623890af07bab1adcd9dd315e,Matrx.Finance (MTX),
 0xb6111e5a0542bbb799811de6973d81b878d25b70,ANG_test (ANG_test),
 0x484BC1b7d626Ac4814E0008a397B8F68374140b7,Ubiviz Token (UBVZ),
 0x54b605d947b0d98b77d2d9486d62643be427d40f,gemSOCKS (gSOCKS),
 0xaae6b858f10326fb7deebce9e789ec1736290074,KneeSocks (kneeSocks),
 0x8C81D9746a221547968AAFA1a08EaB3E3aC03E86,Avaluse (AVAL),
 0xec03fd66dd0addad11cd8426ae36cd2f94a45c14,YieldSOCKSv2 (ySOCKSv2),
 0xf817072538295ee719d485534809fac68b5d495b,NikeSocks (nSocks),
 0x3d30d74a3a309c77d03423d427fdd2521d604b1e,XXL Network (XXL),
 0xca68100dc0cc00cfba894370b60cccceb0c6cb2c,Buffalo.Finance (BUFFI),
 0x264f0b2ecf60e72a4195deccf731a8a7c28d2ca8,Community Socks Token (CSOCKS),
 0xA7C0702436C7424F34952CCCF0B44FC64d576A4D,MemeSocks (MSocks),
 0x0736a5647411110da27bbc6a7414d0bb9f20fab6,MACABRE (MCBR),
 0xcf9ac4f4bca341d1766c92d93439aae4aa50d217,BEP (CLUB),http://BEPswap.com
 0x000000000061c8326c4f0f5d1515ff78f1ec6a27,STAKEZ (STZ),
 0x718fa5220c8812d755e0109675b512789f7fce62,LEAP (FROG),
 0x272c5b27a66a95b300a4360950cdafd5ee3ed550,ForwardFinance (FWD),
 0x5d90f7d40e84d67d78142b06fe3de336d1d2ec6e,BLACK (OPS),
 0x16C0e0936E1B38Ff1F9b8a1e75d8ba29aDf87d30,Knight Token (KNIGHT),
 0x9e18336E7Fe1824023376B2d73E15f3cF49B4B1a,ApeSox (APESOX),
 0x3e092105d694b20e2298803196f0ca24db6c14c6,CryptocurrencyJobs (CCJ),http://CryptocurrencyJobs.com
 0x580365ce8cb57638d39a25158f6ad12e5674716f,SAYANG (SYG),
 0xe786fe3958e6e1b6662d526ea77b1d8fefc5be83,xyzSocks (XYZSOCKS),http://xyzSocks.finance
 0xf38d3ec737342697aff3f0db35be1ff5dc583415,FrogX (FROGX),
 0x91965aac8092e20b47a8b17122ae4cdeae2d1235,zSocks (zSocks),
 0x10c9bd7e753fd910e09505b972610ab3b24c8a83,BUKKAKE (KING),
 0xe1b79ad1dc859418a52aa05637cfab620967e9b4,Liviachain (LVA),http://Liviachain.com 
 0x9b5716Bc0c5853EA54BbFC9d7e2f6d6Ffc123FCF,Mew (MEW),
 0xE5876cFAC0B5941Ed4afd6E340239960058DB48C,Power (Pow),
 0xa8c2965f1ff85d6f3c62ff334eb6ab28028f1b3c,Borshchik (BORSHCH),
 0xc354F882bEAf2eacDd71C0239Eae69e89aB91fb3,BIGJIM (BIGJ),
 0x3c8b0581e2022dbadc0f55fc23299dc66421c575,xyzSocks (XYZSOCKS),http://xyzSocks.finance
 0xb7FAC9C350a43111EC7248CD74194538988A9e5b,Slime.Finance (SLME),
 0x0815268408e192e1ab840c9da809c0039bc2eeb9,cumSocks (cumSocks),
 0xaeb437f92406e30593db8dad22ee1a73a338b6b0,unisocks.exchange (SOCKS),
 0x5e1ea79793270e405e58a99674284cbca83c103c,PANTIES (PANTIES),
 0x4a3cb84cb29566202c179c13ef25c337dc0583ff,EX.SOCKS (xSOCKS),
 0xa305c6a7c96aa4a1e7bf818a3ec4fde64bb573f6,PANTIES (PANTIES),
 0xc510d9ba9194b4355a1aa3f9ce5711c8820e2cc6,xSocks (x-Socks),
 0x135cc9c51641266db498c8431c92434e09ac8a00,Yield Le Socks (LeSocks),
 0x74269fa9624dffca33742e03180f67967aa9ac2c,Radium (RAD),
 0x721a4ee2f1be4d22e39d21692871556fa76f4b6c,Onigiri finance (ONIG),
 0x402f88d701f37670e0c58426abd7120a90b66e09,HASHBROWNS (HASH),
 0x8a659fbc5e7f7435307f105551a3dbecb0f248a4,xSocks (xSocks),
 0x56f0d90b5a62f3e76bddb072b6b15e9670fda829,Open-Source Oracles (DIA),
 0xe0af94f4bfc4d6e7a3338477ad236be26183d71e,SeaFood Token (SFS),
 0xfad438ac6b01563859c40365cbc27b92c35758fa,Wisp (WISP),
 0xe5a256e93d947089e78b7bef10d6b212f0f2166d,Z-YieldSocks (zSOCKS),
 0x3c9f0b92e0777c313188f6611e2c8b427f6d2f7f,Wault Auto CAKE (waultAuto...),
 0xF9C26fd9b25868B8F66694ca7158B1325221c01E,Migos Swap (MIGOS),
 0xb492b8a8bac2e2e76177536a0a5ae8ec0b15edd1,X-YieldSocks (xSOCKS),
 0x32fb317389a6c43ecc63e37f33b7f35a566a9ac4,konomi.network (KONO),
 0xe48895c44f1c80d17ae55f385a7e6a823dfc95a4,Chardonnay DAO (CHX),
 0x15b3440162df1d392559abb9cad65fd79434080c,VINTECH (CAPITAL),
 0x92de13fc2397322a2d094f583898716970cf2584,Fibonacci (Fm+1),
 0x42F6f551ae042cBe50C739158b4f0CAC0Edb9096,Nerve (NRV),
 0xC081eb990508bafA7e9EE308fAC35be2935Ec92a,Axum.Protocol (AXUM),
 0x7dd16484946c7720457b1fdc52b22c48a4a8d027,Socks (SOCK),
 0xd29c6edb9accbb84b26800e95e0d1accbef85324,Ozon Finance (ZON),
 0xab936901ae0534ab13bd7d1c8b38b22adb772f20,bigpug.finance (BPUG),
 0x3aeb6dee52ed6772f26c68bac63f121121d7092f,BeeSwap Finance (BEE),http://Bee.com
 0x36C0556c2B15aED79F842675Ff030782738eF9e8,BlueToken (BLUE),http://Blueswap.finance
 0xAC6941d2FA22732E8D6253C0Eac208574C9DCA2e,TuttySwap (Tutty),
 0x7ce9f1a8e494d49e59a72fd0443d378448151b9c,VSafeVault:BUSD (vSafeBUSD),
 0x92f15d7b2cb068ed93e03a41a647d8e06ca4c5a1,Non-Fungible Yearn (NFY),
 0xac0c7d9b063ed2c0946982ddb378e03886c064e6,TREAT (TREAT),
 0xa3e932a45aec6cc02711324300bb1f80e300a71f,STAKEZv2 (bSTZ),
 0xead4ddac92e894f31af63281c67a22f8512d95a1,ShadowSwap (SHADE),
 0x66572662c628028d46c8c7283bd851df9f985828,Yearn.Energy (YFNG),
 0x896885c7d405ffbaa8e2828b73f28790cd0de4d6,MayoSwap Finance Token (MAYO),
 0x96c92c59a182ebbdfda5a2d4b15e28f95631414b,MOON (MOON),
 0x423952b452664ccd40bde31e37beb20f32ce034d,BSocks Token (BSOCKS),
 0xa3623C0B131cAA8ba641f42211b8faa860F7afB6,LEOSHARES (LEOS),
 0xeD741dB80bA7C18454E674B8230364511782f5fa,laserswap.cash (LAS),
 0x02df04f27c8adb8a783857e016055d25bf0768f5,kWrapped BNB (kWBNB),
 0xbf34a1c430fbe19e86b039d68aa5cf30976b10d2,Non Fungible Yearn (NFY2),
 0xB02cD9CEBD3c9a5e1EFAe855Acb991B3143C021c,HonorBar Token (HONOR),
 0xcF196A4F1055d8f8f72F74DC0785598F55D9eB10,BobaSwap (BOBA),
 0x79b734c1B44243061e6856bFed2641eBaF6dfFea,White Socks (WSOCKS),
 0x64fe6c26d3b498834be47fe4856fe20f9dcb079d,DSocks Token (DSOCKS),
 0x4723debcbd8e04a80352a7a0c4a5bc07e9773e41,lightningtoken.org (LIGHT),
 0xd4e8512b27483e47cadc1a4605915aad96e7437e,ZSocks Token (ZSOCKS),
 0x13bd59b209629eab2fe792aa468a03161c65d6a9,DeFi SOCKS Edition BSC (DEFISOCKS),
 0x0684Ffcc67792c50fdC303813C7b0c00D6AA6B99,BSCTrust.finance (BSCTrust),
 0xA6b4E798eD4Fc6a5B5766dBE12eE69B8336105e1,FoamBar Token (FOAM),
 0xc3f27df5ac663d253cb51b13a4d479f7939703e7,Ufox Token (UFOX),http://Ufox.finance
 0x5f105e82f17b42ff82f97ec1d6f84ca84a2d8e81,Strom (STM),
 0xb097d19F803662C573dbc959D5d3494fD291Cf89,FUSI (Fusible |...),
 0xd4bbf439d3eab5155ca7c0537e583088fb4cfce8,VSafeVault:WBNB (vSafeWBNB),
 0xfbc6ae32Aa4616B9174c503eF830A9022B6948C5,FlowSocks (FlSocks),
 0x7939871144c593fdd2d31d52e8dde55985d35b1f,Bull SOCKS (bullSOCKS),
 0x3b97de2e50c8d88ca168534cf4ea5b9193b1a7f3,Fridge Swap (FDG),
 0xf12A2ACAf0a5306F1A92A0fB41B6A2b99C3C06bF,Fusible | Fusible.io (FUSI),
 0x8366f0cb768536e6265d682eb27f7f755e55f1b5,Fusible | Fusible.io (FUSI),
 0xa971DA6A4b5BC5DE5a82d93d3983f3C9d95f035C,Crypto Poker (CPE),
 0xb3bb66037cfd516d29aa4fa459863d26cd2e1c19,BSCCrown.com (CROWN),
 0xc61d68872d462230dd3f402ad4ed8a3a1202be3f,Pofi (Pofi),
 0xdbe35cbbfbf8bb10604f8127d915ebdc40dce380,Last100Socks (100SOCKS),
 0x5e1d6945bd884a8feeb2ab92a7adb7e16fdc69bb,MARS.finance (MARS),
 0x813c28a22c6620fa06e0c5a91b5f802f9ea09224,Pasar Pahing (PSG),
 0xD9f9c2a1051c6a7c3D662b620DB16405Fa8f9B23,The Real Socks (TRSOCKS),
 0x43bd1Db5b882b081cCbA03CA26311e3Fa9f69924,BSCSswap-Test Token (BSCD),
 0xd3a3a69c575d81ce8e7cf1298ce760055a5669c1,B Non-Fungible Yearn (BNFY),
 0x5Bb91Cf750458F8B5E6Df27C6e5BA285079E9267,Generic Token (GEN),
 0x37f1fEBaae723D00E79C54c47A82dac22B41847F,AirSocks (AirSocks),
 0xe1099b05683de18812de0fe8deb36cc96c0cf900,myearnx.co.uk (EarnX),
 0xbab10590fc5eb4bbf9d7554125cf6948825376c6,t.me/loomcoinbsc (LoomCoin ...),
 0xca699e9FDfFC60Ecc9BA1d65Ceece76D778c234a,NeptuneSwap Token (TUNE),http://Neptuneswap.farm
 0x5c1a9cd35659a0da3063c2dad54ff197b6ff5d81,renSOCKS (RENSOCKS),
 0x74f9f035592fdc02cf14d5de60d6587bf2ba4877,PDT Token (PDT),
 0x960432bD5D9f27c9b6DF538aaa1Ca74989d1a13c,ApSocks (ApSocks),
 0x99bfED62483E4c03e294DF3DEe1bfd7B490d9cbE,UniSocks Edition 1 (Socks),
 0x271Ce6C2f47A49784d5818d40E7A24ec9c1C36A5,MetaSocks (Msocks),
 0x02b9911ee42d7a5eada911faadfd192bc97b426b,PepeSocks (PEPE),
 0xdE9e85a12E1bb137265df171e62b8D804c6D41Be,CryptoGeoBank (CRGB),
 0xa4659f275689fd7d127a07411137d13f069bfebc,Dog Socks (DSOCKS),
 0x11d751A6089B39D7bb8ADF1fE1F50B4eEA1dcbDF,Replicant (RPLC),
 0x22c865fbafaa9d67bec50eb1996271825fbd9f92,miniSOCKS (mSOCKS),
 0x9c1ea126984e5124501e8f0df4961a5b875bb634,xyzSocks (xyzSocks),http://xyzSocks.finance
 0x859c76226697c300ceb0e372960cc16d5090084d,PancakeSocks (PCS),
 0x24d5da8a2d9c26d1020fa7fedc9b1124c68c5956,MeowSwap Token (MEOW),http://Meowswap.org
 0xf92ebc5952912998e6cd6afd46026924762eb63e,moneySocks (MONEYSocks),
 0xad5c80a689ef5ddd62dd0922c957aa66a5ebd9c5,AnkleSocks (AnkleSocks),
 0x6b325f8012e1d5b6b07751ad2ee8b79bd81199e1,Red SOCKS (redSOCKS),
 0xa14c8f733bee43e2dfbf28462740dffc0b6c3251,SHOES (SHOES),
 0x2745be2d1e2debce415abfd05e2b1f5500928c98,JoJo.Finance (JOJO),
 0xcacbe91bf408c2b53011a8cc04bae0236210c63d,t.me/iShoesfinance (iShoes / ...),
 0xee5bd9408e28782fa66d57a3a87f94053c1501ec,RPICOIN.COM (RPI),
 0xed82b2f67ce183b8594404a9edcccd3611c63826,99x Token (99),
 0x67ab790efd0461e32e89db80b7514629565eff40,Adidas Socks (aSocks),
 0xb3529ca8509293b09b046e3a2b4e31c38c8e43ac,NeptuneSwap (Neptune),http://Neptuneswap.farm
 0x892A6F5Fa7581c52ff1cD424762298cDb9d94378,Tokenine NFT #1 (TN1),
 0x5b6e460352d19af9e47fdf21f5b3f902e1e97ed7,Peacea Coin (PECE),
 0xf11fb2573523D5aE54636b19b1743CfAad9cFCE5,Telluric Token (TELT),
 0xdaa54f48b93c12e32f36533acaccd8d1e7c4ccaf,lightningprotocol.finance (LIGHT),
 0x8Cc37645E81A8ccBB2CD8A27EACa7bdfD1cb3baB,UniFiSocks (UFiSocks),
 0xcf872f20ffaa164750f070ac06c000b570c8041b,MAKE MORE MONEY (M3C),
 0xbe65646F89EA12B74797aD5444c2F22E0D5a5363,NarutoSwap (Naruto),http://Narutoswap.com
 0xD7826915aA358918Ed3F1719b589e83F1cb56FF1,NarutoSwap V1 (Naruto V1),
 0xAe2b7b5Ca995c6E0FE1e0766F544C1601967075c,Fusible | Fusible.io (FUSI),
 0x38dc2673525c73955bb3b03395956a191550ea76,SocksFarm (FSOCKS),
 0x53c0ce2ebda0c2a39327be0b58a3c28a8dcde420,Moo Venus ADA (mooVenusA...),
 0x68e5b15fbc7f3b4cd008dc7962ce8ea646dc2291,Project Panda (PNDA),
 0x0cd36c2ce6704ce74ec516fe3980edd427d15b53,fusible.io (FUSI),
 0xf541e0790ba97bab64705602f919a18db613c0d5,Pangolin (PNG),http://Pangolinswap.com
 0x3ee12e8cd0ea947b88c253341a117792388c91dd,TWOSocks (2SOCKS),
 0x39d75f5501807A90a4B83aeD80035b5061c0986e,ShibDefi (SHIBD),http://ShibDefi.finance                                                          
 0x032d6a55c9e64e420d12a7d096ddb75486fcf2a0,Dandelion Finance (DAN),
 0x91918f3EC1F030E2b1Bd2B3aaEcF6760d46258d9,Duck.Money Token v2 (QUACK),
 0x52f0abef7dff6b99d0f289149fc5f48dfd3232ce,Whale Token (WHALE),http://Whaleswap.finance
 0x9494cd73f86da24268b27b3e0af97b969d548a93,HTTPS (SSL),
 0x92595603D198B4Dc99098701DDC313D2fEc56E88,Artstro (ARTST),http://Artstro.io
 0x8457b1f17c1e80b3a000e899d558d08879881e20,BridgeProtocol (BRIDGE),
 0x1311b352467d2b5c296881badea82850bcd8f886,TOOLS (TOOLS),
 0x50a3450cde372a69a80198bee3b5ee5cbc014cb1,SausageSwap Finance Token (SAUSAGE),
 0x1c3942d117a2d75044d38385d17ad53b7ed0a995,Boogus (BOG),
 0x8ce6944f7ca5c01fd2b136a8e26dbc110fad0c51,Gelato Coin (GLT),
 0xc33e47bedde4ef9f933bea94cf03623a4d6758e2,Hawk DAO (HAWK),
 0x35ffff1c0e0d203773dbe98ec656b0362520f198,SecretFinance (SF),
 0x8ff77b03e603fb117b531d7a360cb5ed5ef25cb9,Ernte LPs (ELP),
 0xf8f6a66cf15ddfe54b04891765bc53fa80bd678d,Duck Token (DUCK),http://Duckswap.finance
 0x028fe1170ecc257ddb7c5710cf4f7b0cbb6652c5,Work DAO (WORK),
 0x662e4ee28ea12d2974b1bd678e295cccb846e9d3,bscview.com (BSCVIEW),http://bscview.com
 0xcEE306fCc485e6716F807FAb09c869b4995BD7D4,DEFI100Farm Token (xD100),
 0x318e47633f2e1665772c4efcd2df9127e7d6dbaa,KappiNetwork (KAPPI),
 0x6b06F4b2e3c3AbA9A4cB90e42B68fb3663609465,MERIT Token (MERIT),
 0x75d5d153ac2d1d896056f25b53c7a2471fa7388b,Mercipith (MERCY),http://Mercipith.com
 0x3fbc4d713e44796006e67b4d1e20a048eee632bb,Ozark Finance (ZRK),
 0xbe0455c310a731b3097c5d56bfaf0f07d82d60c6,HKSwap Token (HKS),
 0xf845031cc790d4e4b251e9079d7fc75215ce9205,CITRON (CTR),
 0x1f8b70495c3cf46916e45ee9ff1a08830e4448a1,WIN~SOCKS (WIN),
 0x32b0F395d8263DDb2F7d727fC5DF72E8B7a3B007,Crypto Cafe (CAFE),
 0x3Cc34d734D7e287BD1eD029675a1F71d9b1736eA,Lawren.finance (Law),
 0xf976baa600ba5fce5344f0c5c5d08fa59bbdc602,Quard Network (QRX),
 0xF8D429A08Cb9296B3561b1ac24A9CBbe39a25068,DeFiPie PIE (pPIE),
 0xe175cefe5e8001ded0b0e538fb0ad97632a12be1,BunSwap Finance Token (BUNS),
 0x39354cc99b1029f453fc6c07b126eb03f05f5673,GO SWAP (GOSWAP),
 0x893169619461d3aba810a40b5403c62f27e703f9,FWT (FWT),
 0x0458970331f089bc1f398fea88ab223d09000585,echoDeFi (ECO),http://echoDeFi.org
 0x08c7104a6435afb218c62e9c8a90d458eac730ef,falcon9.finance (FALC9),
 0x8a36b30dca4f5fb6a04f48fcdd5f1cc519cc679e,echoDeFi (ECHO),http://echoDeFi.org
 0xb227813a949c0ee7f3cbd538316e03656104ea4c,SKYBIZ (SKY),
 0xaf7f8a4348c728c359d915ea68063390eca11d61,TESLAFARM.FINANCE (iTESLA),
 0xb7f3f230190b1020590e46d81702bdb60b569fac,Rove Finance (ROV),
 0x43c2ce10579fab072e14535cc710360f310a6c87,GO SWAP (GOSWAPS),
 0x3c93ee010da95dda6d8557e3ee238f7c869c49e6,Tiger (WOODS),http://Tigerfinance.org
 0x7D5a5B8351d0e41549C1100C7834E76D04571e16,DeFiPie BNB (pBNB),
 0xf7502e714807e02808a5ccbdda7016dd26335363,CROCODILE (CCO),
 0x8c380f7a0e2653412959994cec3d28c655701b0c,Clover.Finance (CLOVER),
 0x2f35387510ad32a5281908e5041b1361fc8dddbd,GOSWAP (GSWAP),
 0xaff86ecd5390337124eb1c0dc9df5398d2e3a0e8,Seed Token (SEED),
 0xf524dc1000fefcc0ce436e53330ec003b7d42c54,aLterSocks (Alt),
 0x3dcb0a5977d59c816fef617080f4caa4de014dba,POSTACK (STACK),
 0x464e6ad267eab841f1d3e986d76d880d6c99b095,SATIN (LACE),
 0x8f6519d33e681944ad5b6f0d3c9e032f1c9755fc,Bullish Times (BTN),
 0xe909df5afb8cec710c7e70e2ca1f111736b45d89,Harvest Finance (HAR),
 0x701e9d30f23b7027cda37432c9277b1ac1adabf2,Most Finance (MOST),
 0x1588711cf33ed1fc1b7d714e07eb28261df4e616,ARMOR FINANCE Token (ARM),
 0x73CF6e23b0415f9DBb3E7B5E0257468D72A08779,SyrupBar Token (SYRUP),
 0x8e392a00141f0a88728f2b52abdbe365a08e4249,Moon Protocol (MOON),
 0xa7ace3e600af7627e370645288d42ba485cbd169,SEXY (SEXY),
 0xbe63e996fc08390095999abd732c2b7ca49ea846,SPARTAN (300),
 0xa387cdcd6b3814135f71d3fe358103531b72ea3a,Long Finance (LONG),
 0xfb4614a33426f09adad027703c7c89559ce0eb05,SolsaMU Token (SOLSAMU),
 0x50a8dcd43fbf34c2dd912b9671e997e693fa2ea7,Lucky.finance (LUCK),
 0xdd69e92dc71ef614d01df27907ac200865c6c9fb,FaloToken (FALO),
 0x4dddab505daa28553cde6eec1e1c00cc9bbb11d7,TEST999 (OK),
 0x2469ad6f09548fdea876a6e0df71656db63f15f5,Hard Network (HARD),
 0x504B461A0b23187B7152eE84Ed745517a6f51A10,Porn (PORN),
 0xf6233a018f9d6578814bb3c34ba283651fae3cf4,Fortune.finance (FORTUNE),
 0x5cab6bbf41e961797f7f9a92ae04f82bf3925a6e,Kangoroo.Finance (KANGO),
 0xa47d132bfc00bc7b1b99238e08b91f1a08ccdbf3,Wrapped DeVault (DVT),
 0x68d093c90833070abfb18b30e6a07730d11e6d22,Zirconium Finance (ZIR),
 0x99590ad3e9ad83925742392cf448bc9e5f54bd19,BULL COINS (BULL),
 0xF46E5942145ac0b5B944AdaD93Adc71B2E3A6eB9,PRINTER GOES BRRR (BRRR),
 0x0b5428859bce74585e05d9789573d32766a189f0,Feet.Finance (Feet),
 0xb18e8d07bb17e42b53759975bd76c7b0cbd5623b,Fidex Finance (FDX),
 0xe38d7ed9c4ff7cc0b8674ee3d9ee6926f4ce408c,SHORT (STACKS),
 0x10c0c7ea98a5c32248245dc11b3b58fdc6105f85,Only ONE (ONE),
 0x9b139eb335bcf6dfbf445f51b5b7e08f8c363f05,CHUN (CHN),
 0x013ea46dfc500bdaa30d11982741ef78942906da,Trump Bucks (TRUMP),
 0x535939d6af6e979612e149044a774b7030218c21,SPICY (SOUP),
 0xe83e350c5e03635b6fd0b0bc821f76d6ec0d3d02,PancakeSocks.Finance (cSocks),
 0x25f734636cb2264613e110f79b4712321e93e3ec,Reward Finance (RWT),
 0xB193D98De3f12bE98B18E9b3BCf7C0C5e8B7CF79,DNA (&#129...),
 0x88c5d7314e1068c0b01e671946f98d6394cdd6c7,Feng Shui (FSHUI),
 0xbab1daec94c4ce611ed6e43ec2fabdf31817a687,Genie (&#129...),
 0x2021ee068f60ad1ba861328981f99e3a45c4c9c4,Mafic.Finance (MAFIC),
 0x658c625d590b81ef2ed0b61f21023a58b797ad7b,Wrapped Origin Axie (WOA),
 0x4c192e003446ced872f797aba9c1ff0aadce8cc4,TESLA (TSLA),http://TESLAfarm.finance
 0x8822adeb9e7fc6c64618304459fae4da86336faa,Omni COMP Governance Token (OMNIC),
 0xc462ee0276e1c5453f9b93e3ef84214eb0e3b266,pancakesocks.finance (cSocks),
 0xa84907debf383545110df641a2cde9182f6ce92c,Smol NFT (NFTE),
 0x519da636c273a833a535139e6904e3f96b62296e,CyclopsTreasure (CYTR),
 0xe59aa4cc0ba7646cd54f4d78c939c11b0bbea0a1,Queen Finance (QnF),
 0x524960E7969854ca7236bD8Ad3e22F44d892b7Bc,Alchemist (⚗️),
 0x5B38187953B4BF98F741D96DE9F48765154BbFA8,TRYfinance (TRY),
 0x5365722cbb7b83e0745d2f3a57037c7a8ebf7f46,safusocks.exchange (SSocks),
 0xdAedeb1EDde6b279A09340D4C8AcB360F0F610D7,DRAKE (DRAKE),
 0xA23DDf9C358a156B3d7399b96cfE3996bc2311D9,YieldLava Finance (yLAVA),http://YieldLava.finance
 0xbEFd2bd973654614389cdcCA1565523923369d89,PeepSwap (PEEP),http://Peepswap.finance
 0xabf8f96d0df78b9a6c24e71e21e774e1b37bb7d4,NFTies (NFTI),
 0x3166f4Ce2b1EE195EA9d682937ff8777091E9f44,AlpacaToken (ALPACA),http://Alpacafinance.org
 0x69b63d6427f7882B9567580C0e5c819626623533,Inverse DAO (INV),
 0xd0daf9244bbbf2a55bdd6d3407b66a936c8bb80e,safusocks.exchange (SSocks),
 0x7ac53c455f7013c0ee922c31e7b953d5b1dbb768,LizardFarm.Finance (LIZARD),
 0xd13b5283e81a2f9cb4b3a5dced981a917ae4a4c3,UniGOD (UND),
 0xd054d702bfc20e5148022a5a44b688c264caea18,Wrapped SOCKS (WSOCKS),
 0x5f018d136d14ea14b0ee4ee023c25a1584614f13,Stacker Ventures (STACK),
 0x7e0143280F0DD2C6777f0BcB579404Ec70f69456,JINDO TOKEN (JINDO),
 0xb009A196CfA55A6bbB9fa561A2341911AaBa99F1,Decentraliz3d Oracl3 (D3DO3),
 0x41327623be721cf3200189b419ab5fd92a9120df,Siren (SI),
 0x314a358652B6ed3dF6493e2B57aD26E6eB9D5b81,ROCKETSWAP (ROCKET),
 0x7acff19cf50ae05409a17c367b5893bb7a04b487,Bread Finance (BFI),http://Breadswap.org
 0x400df62c3052fdbaad8c74c0226147f9bfaaf7ec,Eternal Cash (EC),
 0xd6edfa2384ff463b4c2293d86e407ffd88b2fe3a,Bomb Finance (BMB),
 0x983784bb6cab5f58dd9e2abc1b1a3a03aa7fac32,Eternal Cash (EC),
 0x58d5efb60b08cc2144d21b112ec1a6ac6ab81bae,Bronze Network (BRO),
 0x4ed3e9ba72e66ad01aa070051ac43741ba2f7d15,Boom Finance (BOOM),
 0x0069c61b1d14ba99675342e3340bba49fcb38c57,Uni-Socks (UNIsocks),
 0x4627908b7fbdbf18555438c69ca6ac318e52d536,SWAP (SUPER),
 0x360ce079c590c8a9ea5a39172777d07dd12b7ac6,Elysium (ELY),
 0xabe9aa9647666449c98f6a1e7b8dc81d2af30c28,Gong DAO (GDAO),
 0xfd5214015016631236d0d47a6a7340fb9d6c9b66,GeckoSwap (GCX),
 0x6045fa4f3430f24895412ffeee15bd678737ecee,Spark (FLR),
 0x56fa765d004feadf8e46a0900b3c757afa157249,Foodie Defi (FOODIE),
 0xbd976b1F342086D7f0491108ED8f89a2ae824f40,Wizzard Protocol (WIZZARD),
 0xa65a7f4a42b8081819a1aab375bb703b0694ee4a,PUSSY (CAT),
 0x40618918c4dd5a099e54a8c00d2803c95c40759c,OILRIG (OIL),
 0xaec5bbb5be2c3dea68fc0d943e39885a87d959ea,RoosterSwap Finance Token (ROOST),
 0x35c45902ed2b746b5113c1d35b4ae8cd093f2d7b,EGOD (DOGE),
 0x21e6D42f4176d6ca1A97FC606F80D500416F2650,SafuSocks (SAFU),
 0xEd9f6DC15Ee6a6FDD18cAEA8F09e8E296e4258f2,CerealSwap Finance Token (CEREAL),
 0xd60D91EAE3E0F46098789fb593C06003253E5D0a,Allinx (INX),
 0x9c70e2949bfdfa29d0dc89add6609c9a7a0c81b3,ECO Points (ECO),
 0x2dd91da413f2859f73350223b6247ac235668e17,BMatch (MATCH),
 0x92ad5595e8f0e26e1f723000e283bb11ff76c454,NFTI Index (NFTI),
 0xfefe64807df187ea3c333bf49d8e3e295ae12365,Fast Network (FAST),
 0x56d9db49c7111c3334a63b38fe107752b5e8bfd4,Butter Coin (BUTTER),
 0x8010802E46dEB02E0D5E5f5c07E70eF3363dc0D6,Superman (SUPER),
 0x630fc850d1f2fc2bb65461af256a5ecf561f99c5,Decentralized SOCKS (deSOCKS),
 0x021d9553883250d8493e37b374f172f4216027ca,CENTRAL FINANCE (CTRL),
 0xc605b9f3ab5f7bf891db7672ef9f4078a7f9a24f,Truffle Farm (TruffleFa...),
 0x49b0fe6b3ec4c95b77d0ba59dee6f18ad2fd9e0b,RoastSwap (ROAST),
 0xfa10Be3F690Ee0e269388fbd8F830Cd1Ed7a0634,Meme Socks (&#129...),
 0xc757025cfcc34a279bd56ae70f00b4aa601648ed,PandaSwap (PANDA),
 0x5ac8669511f1f678e893fbd8d8d43cdc7148d162,Surface Network (SRX),
 0xE8AD18719872c3052bC538f0932b8E6f08DbA15d,CardSwap Token (CARD),
 0xf4ba0aeeb2a8983e7e6e30b5180f57a793bc9328,BNBeer Token (BNBEER),
 0x9cd12f3dcfbc5c45e0463a16fbfc838f31b78a8c,Black Clover Token (bCLOVER),http://BlackClover.finance 
 0x864274458b0A0B1cfE3AF31943d57fCD07Cc0bb6,TRACTION Yield (TRACKy),
 0xcA1E292E2D69291249108Fca61aC69d0160B39f2,TWOTONE (ICE),
 0x672c4d02ae5c9aa530908afd6cdd65270456da47,Coffee Token (COFFEE),
 0x000D74431Bea8486D935a16d13d68e9ce17D19af,LEMONToken (LEMON),
 0xbb579e5635932ffe4c1dcbabfa26ab4f2f25fa5c,CoinTunity.us (CNTY),
 0x291ba15300222432a96f25bad43fba80652bd603,Glitch Finance (GLT),
 0xf38b3546d34826fd83c163ed486071ce87856ef4,DaVinci Token (DAVINCI),
 0xb2e3c289fe47accbb5c6131ff0fe3859c12734b8,ChartEx (CHART),
 0xecfD66ff9C8aA885a298f5cc582fDF27deC17E6F,BALMAIN.Finance (BALMAIN),
 0xeed8e8585cfaf119ef4caf451c78b52f9a451acc,SHADOWSWAP (SHADOW),
 0x4ec5bea266178caa96e70fe19111d7aab2687b6d,SungX Token (SNX),
 0x082903f4e94c5e10A2B116a4284940a36AFAEd63,Bixls (BIXL),
 0x3563FE1cDf8B62bd2716a50905b9d01c7BB80ffd,WANTED.io (WANTED),
 0xd181d40872c1bfb25061234cd7831b9b75ba7287,BULLOCKED (BULLOCK),
 0xd32be487b4aadc4f4fef1de7be3891960218d977,Venus (XVS),
 0x890c022203011c7c18588cd47cd2163dc1f92074,ChromX Token (CHX),
 0xd5695cbef61ae39edce78ca8ad83affe9fbb9fa3,EXPLOIT (SMART),
 0xa57779069e30ea2525999424341bb558ec1148b9,Jacbag Token (JACBAG),
 0x4401b7de9c55622fd132057526d8d975ce241114,tryon (TRYON),
 0x63A6Fa988fE647c8666Bf85F384fe2879B81928b,DEFIstreetbets (DFSB),
 0xa4aa43478fdd37c8b3e4eb255b8bc2c9a8521b9e,WHITE (LINES),
 0x25eb04652ca6c3876a0a0442aa82819481c6232a,TenToes (Toes),
 0x7a5cd1cd42484c5bab490bae85a9a74b219c20ee,FvD (FvD),
 0xcf792ec2cc862df10e033064abb8088f13989c52,Kangaro (KGO),
 0xaf07df4af39238d8aa9406f544dad79af2384263,MLEM (MLEM),
 0xaa87C590a8aeB4FCeBCB38446c325ae6e4Df5A87,PolkaSTREETBETS (PSB),
 0x4334190794e482ef00224695126913a2d6294554,TenToes (Toes),
 0x1D7B8D4785A5F14f61fEE6196530a24C80BF1D16,Murall.art (PAINT),
 0xcC0e5A35146466C6223e891186a13A5C688d7E4B,NEXUS.Finance (NEXUS),
 0xdb665e2a11bc63960233d5eeb02cfe6f7ac03620,TestCrowdSaleMain (TCSM),
 0xd2b680e49c5e5da355b3cbb45d7a1ca4311de731,Crazy Finance (CRX),
 0xb5610f457ebda35929490bcea9472cc8f02e2fa3,BabaYaga Token (YAGA),
 0x2b53855525964798768a2e16e7dc0d60dfad5c8e,Stones (SNS),
 0xa88e6fe34e507bc3ef4c27ac16842ca3b480ad08,Terminator Finance (TERM),
 0x4718cf4458D9a16887C108D85ab50feB6919fcE0,Goblin (GOBL),http://Goblinswap.finance
 0x7523403D003BD8a89bF770aA68D15C4db1b5608B,Soju Finance Token (SOJU),
 0x108319ee00d0285f244e0f3d5b0878e12b28e083,VIET_NAM_COIN (VNC),
 0x3d6860f968c05e4cf1400b458cddda3020718336,Glitch Project (GLX),
 0xcEbF53799094d803B626A935C933f979beDdB09F,AThousand (ATH),
 0x717ae16877b25d84d1f80e0452afc34eb99648a2,Macaron Swap Token (MCRN),
 0x35bC82C530E3b80dc038AfE2B721723f99047A8D,MoltenSwap Token (MOLT),
 0x5806416a232d4d5d91f49a7042e4014f075f6d7e,DeganDonuts (DNUTS),
 0x7acca1bba77bf389680ec9a3d24816fabba3e41b,BUNDERWEAR (BUND),
 0x24b74f1da92e964e5212303e90a5cdd55b2d17ca,Glonius Project (GLO),
 0x48153983A1F83E6916D48d38F7ebA01af94B0c28,Wault Auto CAKE 3 (waultAuto...),
 0x7928B2001c6bFa000853D473bCE88A5A8C200082,Vergo Farm (VERGO),
 0x784dD36Cc113CdAEC4CB71EA8611b9bf95a8bA57,CZ Shoes (CZSHOES),
 0xd50be15f480be3b6c8464b31a059c1e4e39f8c2e,SaltSwap (SALT),http://Saltswap.finance
 0x8c36c015f0852b3673590a93ed4596bdd9d776c2,MARILYN (MONROE),
 0xE67c1EE14E41600042Bcd2f0d908D6CBF6630acf,BridgeDEX TOKEN (bDEX),
 0x2c5eb45aba487db5136dbe5033a74b61d7fd8501,Steak Finance (STEAK),
 0xeD01823875bfab526DFdD5065fb6447E6EBE4845,unisocks.xyz (UNIXYZ),http://unisocks.xyz.com
 0x12017c57efc2d46c856c39850f171efc53428f60,Plum Finance (PLX),
 0x16A437Ec46321E674Bf0F9167D44F9e0159E0115,MEME CASH (bMCH),
 0x3608662D8a87377B677Ca29d5ecACa0334EC117c,OSHEAGA.com (OSHEAGA),
 0x0ddc7c1959b5ab72c753694e13371362055e872a,NFT GOD (NFTG),
 0x21b5138a47ddd690334f64c28cc1eb7e2e80a5aa,One Piece (ONEPIECE),
 0x97102badf07da7af61594b686fe311d06930b76e,Moo Berry BRY-BNB (mooBerryB...),
 0x50bdc3da934bb46962203a1b4f771730258a5015,Auto Farm (ATF),
 0xa20430A41673E9F375CBC631ee502ebB5116508e,FVD (FVD),
 0x9f0D5f45CE8573f43E0BA17876329784be0fd700,ballena.io (BALLE),
 0xe36741767188b4ba2e356738d5af410bab12503e,NFT Vault (NFTV),
 0x2dc8d971feb522b907d6bc6906c39b93b7bacddd,CrazyBit Finance (CBX),
 0xe8dc7f03db66E697C11D2D64D09f469CdFfd0639,IslandGEMZ (ISLAND),
 0x190e450e0345fad4c2999461760c079bfd2f3501,ParrotSwap Token (PROT),
 0xb2216257b5830ab68e03d049bbddf3d95fa6a445,nullzdefi.com (NULLZ),
 0x027dffb556b7e3500e8f925d8a9ec12eb3c7a760,Pacman Token (PACMAN),
 0x4167653fc7AF8D1cAC413aFCbEb3d992B95D3ce2,Seed (Seed),
 0x537FAfb68557a1E0D6f8Ed9F9C33841eE6df5Cf1,Dab (DAB),
 0x6e140f1fba2a9df88664cf7e9f7f474ad9ec74ba,YARN.Finance (YARN),
 0xd68051b48238ed804feebbfbf8a4f57cdcf8a685,Dirigeable Project (DRX),
 0x35adfadf4bf207de2d187d33ad0c7a8e32f79a80,Zerion (ZER),
 0xf091915aad608488403f655f555f54c4857b9eba,gacha (GA),
 0x190d25414B31205969bbdF13572369638c465d02,PooCoin (POOCOIN),
 0xB27ADAfFB9fEa1801459a1a81B17218288c097cc,PooCoin (POOCOIN),
 0xcef9f5040d6a9aa40d15641c4b2bb6dc1252c786,t.me/SkeletonToken (SKLT),
 0x03064559ea5c51147c2f3B150655fe6c39FD134D,OVERDRIVE Token (OVD),
 0x806eb9e753e7b2167d342653d0375f84c136afd7,Bomb Finance (BOOM),
 0xd073e4dD593fD43aa47912B8728783Bb5B830254,DarthVader VADR (VADR),
 0x39080e91bf893f9bF0cD9ca5c591f72e421a0eEB,CAKECONNECTyield (CCyield),
 0x2ce57b8c73a974302d4125bee5dd1844ccf74396,FLASH BOMB (FBOMB),
 0xc1bc1020c0e00d9c556d84910225af87001cfafe,METAMASK (MASK),
 0x0A55b678b807278995B93004396E45a85c082284,Aura.Finance.io (AURA),
 0x664025a6e901a8afcde459386eadb2cf9d2c4a9a,Lofty Finance (LOFT),
 0xc975a626a06484cc09e59613984ac8e81c852085,UniShirts (SHIRT),
 0xF99e3d74479573b62Dea340EBE6D3Cb3b9E7240e,DOODOO coin (DOODOO),
 0x105e4a3bc4114e125edc5aea9d69463b30810000,CRYPTOLUCK (LUCKY),
 0x29970fa955afc083dcddf6a984b11ea998b2387f,Wojak Token (WOJAK),
 0xd01d801fcda3f45cf02bd59680832c34a04ac1ed,Acceler Finance (ACX),
 0xd083fbddb8f84eaf1396ad1f622975a65d2c6c78,WSB TEST (WSBTEST),
 0xcb7884ec7b53ce31614f0faa0b2aefb28dd2c09a,UniShirts (SHIRT),
 0xc2ab39065306de52b2252c1e4417d94e45df476d,SHADOW (FINANCE),
 0xad0148d37f0b578ee7744c04a64f20ee5e2fc88d,Grenade Finance (GRX),
 0x2b96a6ae03378c1ca22a513a7bf8b8f78d963103,COMPOUND (GAINS),
 0x903814902F909F6c55678fF89482342E0ba7ed17,AlpacaToken (ALPACA),http://Alpacafinance.org
 0x976B8b2A585F8E554F091Fff93e26A644E4CE6B5,Necro (NECRO),
 0xb739289047bf53237676190603c45176c678331a,LUCKY (CLOVER),http://LUCKYswap.io
 0xBF746586E1758E4a3038768144b4DA8f09022f77,bCORGI (bCORGI),
 0x15d063f2c8f9b871b009eeb4ed0ef951d63b9626,NFTI DAO (NFTD),
 0xc1C14654fB099171c32aa15E3A5D209C50314909,Shire Coin (SHR),
 0x971466B2ACe31fCFf6395cd90fA6E70F3046e642,JuiceToken (JUICY),
 0x32424265F9eB00015FA93dAc97F8EF5B78f3d007,Shire Coin (SHR),
 0x6c279360a62146dB0998D0FE9067190331e77C9A,GorillaFi (gFi),http://GorillaFi.com
 0x523780cfb63fe4546d533b2cf36e5217accf9ba6,KittenFinance (KITTEN),http://Kittenfarm.finance
 0x50092108cabd2A7BD468a8e8134660CBBBCB5937,Moon Token (MOON),
 0x92a42Db88Ed0F02c71D439e55962Ca7CAB0168b5,Tardigrades.Finance (TRDG),
 0xe8f86740ad376f565ee55399fcdf5843c6e20276,VSafeVault:VSwapVBSwapWBNB (vSafeVBSw...),
 0x5620bfedc9b8faf426a68fd2b4d89f95d8ffde23,Shoping.io on BSC (SPI),
 0xf4a71809fd0d5715a9685caadb6f0d8beafdf8af,Protocol Finance (PFI),
 0xc417b45e6090bd4201d9400b48f84c9f34f4d0a5,Premia (PREMIA),
 0x37bdfd6ed491ee0e0fe2ce49de2cb573880e3734,MarginSwap (MFI),
 0x9899a98b222fcb2f3dbee7df45d943093a4ff9ff,DefiDollar DAO (DFD),
 0xfa850eca95c34aa7dcd4213868ead3ec8927416f,Dragon (DRGN),http://Dragonswap.app
 0x627524d78b4fc840c887ffec90563c7a42b671fd,Cryptokek.com (KEK),
 0x148e03bee63200414aa68d52b1fed6c9b4defa2a,BiLira (TRYb),
 0x1ac0d76f11875317f8a7d791db94cdd82bd02bd1,AirSwap (AST),
 0x6a545f9c64d8f7b957d8d2e6410b52095a9e6c29,CyberFi Token (CFi),
 0xbac5c2ef8033be6408fca269f40f9e96d0d6bf80,Shopping.io on BSC (SPI),
 0x897c56fbaa3456ba20b29efefbb4a2a89d7427a8,AirSwap (AST),
 0x9e0846677ea91ea5308d3f525c09e782ef17da21,KittenFinance (KIF),http://Kittenfarm.finance
 0x354bcec10cfd5c8ce285c73093b3edb7bb3c4888,JPY Coin (JPYC),
 0xceebde49ec95e21f7ee63c5c6f98cab3519570de,Wrapped STA (WSTA),
 0xab671ea900a8e3c959f5bd29ceb5e370ba75bb9e,DefiPulse Index (DPI),
 0x9611579c926294b0e29e5371a81a3e463650be17,PieDAO Balanced Crypto Pie (BCP),
 0xf0199b61a487e318122a8acc1530370b73fa6c17,Frontier Token (FRONT),
 0x021750e46a47b2a02f4f860c93dcc774b1aba1d5,ChartEx (CHART),
 0x3516141b1ac8751c2042a8a1bc411ab8655464ac,Ocean Token (OCEAN),
 0xbfdcce6ab5533a8b285a86116c957808e118c3b6,Moyom (MYM),
 0x4b5c23cac08a567ecf0c1ffca8372a45a5d33743,FARM Reward Token (FARM),
 0x43fbbe7a5397117b3da58722635832ba60905285,UnFederalReserveToken (eRSDL),
 0xa86bfc69c99d04552808b425a68a06430fb9bddf,Wrapped SCRT (WSCRT),
 0x753fbc5800a8c8e3fb6dc6415810d627a387dfc9,Badger (BADGER),
 0x4d338614fc25afe6edf3994f331b4bad32fb3c6a,FastSwapToken (FAST),
 0xeaf26191ac1d35ae30baa19a5ad5558dd8156aef,Nord Token (NORD),
 0x1f7216fdb338247512ec99715587bb97bbf96eae,Badger Sett Badger (bBADGER),
 0x564bef31ec942ffe1bff250786f76a5c5141b9f3,QuadrantProtocol (eQUAD),
 0x5986d5c77c65e5801a5caa4fae80089f870a71da,Badger Sett Digg (bDIGG),
 0x08f6fe8f4dc577cf81e40e03e561d29b8b33e19b,Digg (DIGG),
 0xb44f26deb0060abb49c1750bdd35d93c9e80eae8,EARTH Token (EARTH),
 0xbfaf328fe059c53d936876141f38089df0d1503d,MMToken (MM),
 0x2f60c28fb2fdc90a2a5644442d0f6d8998101e76,zLOT (zLOT),
 0x82f8cb20c14f134fe6ebf7ac3b903b2117aafa62,Frax Share (FXS),
 0xc055c698f3793577707b3e6979b089f50c314d3a,Holyheld (HH),
 0x2e8fd877cc691eda244fdfe000c91b22a498ab3f,Cartesi Token (CTSI),http://Cartesi.org
 0x4ec16da4c9007462de151c0da9f5426c69978a7b,AGA Rewards (AGAr),
 0x0004ffa3efa970232f4cf664b5d0855c0baf3fdf,NFT Options (NFTO),
 0x07e3b2f9e0316c8e3cd3e243d9ad6bd2dc4dc665,Pebble (PEBBLE),
 0x9619E3b1b4f7441b0aFcb5BE6242950d1da04f92,DeCoin Token (DCT),
 0xb114e6c53a360e5f1a212f81ad43fce5c4375ae4,BunnySocks (BSOCKS),
 0x495b318401db9d5b249e041304294bc1600324dd,VURIUS GOLD (VGOLD),
 0x428a38a7bdca24cd22623bd427efc64077b56cc0,Balloon Token (BLN),
 0xbf5adc56dceb8fbab5127732f164bf52a23c30b0,Bananas Swap (BSP),
 0x28f6ff11f02080ff70d31879b4ca48303301d533,YFI DIAMOND PLUS (YFIDP),
 0x4371242663842b36db0e9edc51a45b3965ab56b3,NeptuneSwap (Neptune),http://Neptuneswap.farm
 0xa7afbaaeae87ab7147e023b5721ef775ad91d94a,Rifan Exchangers (REX),
 0x92be147252974594c6f7e8e7d6a48dce98bbe947,24K (GOLD),
 0x0d568ab786ea65461a7e662aca28e5637f4b8585,MiniPi (MINI),
 0xfdbd9a6c77f8366e40b1e151ab70328abcdb93c5,FTXFUND (FTXF),
 0x536E37bB53B8716347Ff4421559FdF4cB8e5316A,Greyling Token (GYT),
 0x12D70220D8f57538F08d8Df914E0FAA49B8eDBE1,Redbullswap (RBS),
 0x0A232cb2005Bda62D3DE7Ab5DEb3ffe4c456165a,finance.vote Token (FVT),
 0xfe8f27a78bf55e81070cb8fd95b90bad50df296e,Vyatta Finance (VFE),
 0x9c189ef7d52c23d25c73633834e744008d396394,FARM (PIG),
 0x634cA6593798a658C013baB7da7F4189a9a01b51,United Stock Exchange Dollars (USxD),
 0x810cf52ef366fe92f82f8798d994156bbfcc6d3d,aaToken (aa),
 0x3e3a57c2ff1d4d74a1a145ab46d8a897e5ecc6dd,Spaghetti (PASTA),
 0x8d64a0b3c5c272946c5a12bc9e14e49a0a22a1ee,Leadcoin ((LDcoin)),
 0xa588a2c8df02e283af2a265f8b54b17f175652b3,Taj LPs (Taj-LP),
 0xc5a7e6385d77214cf4acb62a59d861709fac2161,Artivas (ARTS),
 0xa4a901fafc8376a2ac6594de2d2d3dcfd4da5043,Monza (MZ),
 0xb2118ea56de8946d99d27135c97871b7ce9617ca,GoatFarm (GOAT),http://Goatswap.finance
 0xb0825F6B7fC88213FEFc9837Dc2c7f2b5d516De2,crowVault CROW-BNB (crowVault...),
 0x131224Bb0270bc4B9Bcd0e8216E0C6a7047Af48a,Space Token (SPACE),
 0x88956c024395b4205c3fedfe843aed5003afe454,TapSwap Token (TAP),
 0x801b1a1a45f884dfd12f56114d1b8236c370e628,NFT Cast (NFC),
 0x024fbbe8da704dcf786ff39468713904da99dd3a,BlackClover (BCF),http://BlackClover.finance 
 0x13873e275edbf64762e78130113eb66a2b4affd6,RapidSwap (RAPID),
 0x26f971c341de40d6ad5162accbc7155b8d7dbd1c,Little Garden (LGRD),
 0xad9787017e82f6368bbe4893b475caada2258564,BitcoinAsset (BTA),
 0x0b43e82187d509f3b55490d3fcff1190bd4ff933,BscDoge (BSCDOGE),
 0x8f68abf42ed7d6d0b3da0e15e719dc33b9434d8a,HyperDAO (HDAO),
 0x838Ee47AaEB55ECA1F8b799eE7383DCa238e4094,Omni COMP Governance Token (OMNIC),
 0x77cf790FA9d85002F37418B986B97B50f716f8B8,Yield token (YIELD),
 0x2622f64ebcd69663b5ffd40e568b6236a1276ba5,Thunderbolt Token (THNB),
 0x72b4e11e16Da584c8D44C82C76448988383e30a1,SyrupBar Token (SYRUP),
 0xF5a2e2FeCCDAA5087E4A6E2773e74Daf13b172AA,CoffeeSwap Token (COFE),
 0xD61eC545f58F81d7A54C4Ad33ff296be730bbf03,MERIT Token (MERIT),
 0x0ffe82c244b1d55dabf8985fc80f975ee3e1164f,Pink DAO (PINKDAO),
 0xbd0535a96ebac3f8830ccdfefabecced1d41c1e7,Cov19.network (COV19),
 0x893f2b7ac155446f4d98b561a7f21318487d1509,B26 Finance (B26),
 0x5dd385afc053d467f8979d8c4b6ce8abad4db94c,Wealth Farm (WLFARM),
 0x32afcd9cf702e559cb7dc3dc0f59b17362a74384,SuperTestCrodwdsale (STC),
 0x24e1143e29caf4cf98ab027470d0b5093712e5d1,rSTAKD Token (rSTAKD),
 0xc79969600552086be323465d5732e2660a80a435,hyve.works (HYVE),
 0xFDcAeDdE52445CFb4e021DF1460315AAF832E8F2,MDG Vote Power (MDG VP),
 0x8922d94a45d4b903cc25ded08137dcba006cf879,BSCview.com (BSCVIEW),
 0xe966Fb669013F678832f7695FF4bED3d0BEBdb6f,Croco Vector Vision (CVV),
 0xad53995865543e1afd11b17c94c63e33fed5ac8e,ILOVEYOU ($ILY),
 0x807DA687964F09262883b00Bfb86c477db78dC47,CZ Shoes (CZSHOES),
 0x567bb92e3e09d7ce7e950c1a4919636c2b139212,PukiTokenx (PUKIx),
 0xcb4f9bc1f96cb139cd24aba3c64b8a945b37d570,BSCstarter.finance (START),
 0x75a6345F4d88C21D7dd0ceb39C51A237b02a689e,Compound BNB (cBNB),
 0x1ebb4c940b4834A0D2dD015289De2CaD2dc044D7,Compound USDC (cUSDC),
 0x6fd2ec60cc94597a8a49f4e3538a672809b46930,PukiTokenxx (PUKIxx),
 0xdB8e489977d0e2d04248600c1EA5297F6c5D29A8,Space1 Token (SPACE1),
 0x4e5bade01753aa1c664d7fe42adfb548eb02e404,GroveX Protocol (GRV),
 0xed50faee345c7eecc56bb068e20138c54d11cfed,REVO FINANCE (REVO),
